reef_zone,diet2,site_name,year,Ip,Fp,Sp,Wp,Wn,Fn,pflux_cop,Ip_tot,Ip_r,Wp_r,Fp_r,pcop_r,P_ratio,N_ratio
forereef,1_detr,NA,2010,0.41059491030427997,0.05257102761322354,0.30911945026235854,0.28110254391631717,2.6110206751856193,1.1408787544610306,0,1.1691084766971653,0.32522094315855543,0.22366483119770045,0.03722943277573186,0,5.227848911227893,1.4128589282182604
forereef,2_herb,NA,2010,0.39634696880011394,0.033578981285355504,0.3769152734448167,0.25175026147889434,1.657102736906303,1.6540853851664168,6.212525690519097e-4,1.1691084766971653,0.3382807575840822,0.2131603484530729,0.0284160634842267,5.429162099309989e-4,5.227848911227893,1.4128589282182604
forereef,3_imix,NA,2010,0.2019928386769867,0.02520896999724677,0.16117601226123776,0.14012707889770418,0.7131269241636075,0.43033366333700995,0.021495783660171488,1.1691084766971653,0.18926862245015116,0.11096642268058586,0.024883142117433008,0.019220064896241045,5.227848911227893,1.4128589282182604
forereef,4_cor,NA,2009.9839572192514,0.01501917141882628,0.004615269695608726,0.009685769217399042,0.005563173704460442,0.041287604392596516,0.06362910534314851,0.0017915621308816415,1.162026141009676,0.015125431228117582,0.003848125514539036,0.004424744801989145,0.0018156354795743654,5.243696688631997,1.4108211305556668
forereef,5_plank,NA,2010,0.01685282954754701,0.0025503939720035716,0.013115485162888567,0.009019785568684864,0.07483881739114033,0.06449053020601563,0.0031620260168055193,1.1691084766971653,0.014737980764249344,0.005096063869937033,0.0022645691379106336,0.0027606789762958904,5.227848911227893,1.4128589282182604
forereef,6_carn,NA,2010,0.1284606909802984,0.03848653516621577,0.06625908837456194,0.06582583482258088,0.21034306011589823,0.37551496883435015,0.02657523264444674,1.1691084766971653,0.1175263222881577,0.03597623468750701,0.03410442984719568,0.024705544118051877,5.227848911227893,1.4128589282182604
