reef_zone,diet2,site_name,year,Ip,Fp,Sp,Wp,Wn,Fn,pflux_cop,Ip_tot,Ip_r,Wp_r,Fp_r,pcop_r,P_ratio,N_ratio
forereef,1_detr,NA,2010,0.013241090225332985,0.001943714803935209,0.009263100626578388,0.008985367330617904,0.08031676059198557,0.03483373057130445,NA,0.045879466392429145,0.2664921238481076,NA,0.03491584871494357,NA,4.65950937066561,1.33038801102454
forereef,2_herb,NA,2010,0.0145694207683733,0.0013227948929889176,0.013773723133940704,0.009070700855708864,0.05931077839382016,0.061334514333417675,NA,0.045879466392429145,0.31925410305942103,NA,0.028588153975942773,NA,4.65950937066561,1.33038801102454
forereef,3_imix,NA,2010,0.01006113710563857,0.0012086790715024553,0.00810388463955086,0.00705619341168354,0.03566525200096754,0.02190989413609322,NA,0.045879466392429145,0.23153457230696955,NA,0.02911294850352954,NA,4.65950937066561,1.33038801102454
forereef,4_cor,NA,2009.9839572192514,0.0010207885360100431,3.071687094602023e-4,6.622896489021928e-4,3.840099006387184e-4,0.002963390185045309,0.004163435196172047,NA,0.04566845155352013,0.025626395677690633,NA,0.007335309588259795,NA,4.671657581478857,1.3277062133352158
forereef,5_plank,NA,2010,0.0011719367481317373,1.8466520076527732e-4,8.936556362970833e-4,6.284836470284992e-4,0.005244709685541038,0.00449365778401941,NA,0.045879466392429145,0.02618485924913683,NA,0.004109018078689332,NA,4.65950937066561,1.33038801102454
forereef,6_carn,NA,2010,0.005825895004032561,0.0018030622616775533,0.0029477216308798817,0.0029469380151798566,0.009200759759941316,0.01783597051966371,NA,0.045879466392429145,0.13117912464891446,NA,0.03953980344416001,NA,4.65950937066561,1.33038801102454
