reef_zone,diet2,site_name,year,Ip,Fp,Sp,Wp,Wn,Fn,pflux_cop,Ip_tot,Ip_r,Wp_r,Fp_r,pcop_r,P_ratio,N_ratio
forereef,1_detr,NA,2010,0.41038338025990273,0.05292176473864231,0.30815892658378585,0.28053399558392234,2.609506427857499,1.1329000579344441,0,1.168880406926752,0.32504567291145325,0.2232155033678573,0.03747185602364696,0,5.214833826612129,1.4154462290352685
forereef,2_herb,NA,2010,0.39634090593191174,0.03357866091533598,0.37691035626733377,0.25174464337857816,1.6567116451508688,1.6544150552721277,6.212348478299227e-4,1.168880406926752,0.33836707714929487,0.21321511078922384,0.028423002382466516,5.431189319774099e-4,5.214833826612129,1.4154462290352685
forereef,3_imix,NA,2010,0.20199081656796228,0.025210039013288613,0.1611707532225654,0.1401239573945195,0.713384732401763,0.4300288295891462,0.021495783693691806,1.168880406926752,0.18931151735377783,0.11098989557214319,0.02488970369303267,0.019224359878580684,5.214833826612129,1.4154462290352685
forereef,4_cor,NA,2009.9839572192514,0.015019171419055597,0.004615269695819363,0.009685769214133697,0.005563173704658345,0.041287604399441194,0.06362910534059248,0.00179156213089788,1.1617833414741099,0.01513212128249471,0.0038497319299590424,0.0044265673878869935,0.0018163885590905904,5.230678368865831,1.4133915547512632
forereef,5_plank,NA,2010,0.016844443404500777,0.002548732394598397,0.01310901042747251,0.009013062336885067,0.07484736869037317,0.06440463630074376,0.0031599878624332316,1.168880406926752,0.014738570669782805,0.005094862434705737,0.002264236504934493,0.002760506994426529,5.214833826612129,1.4154462290352685
forereef,6_carn,NA,2010,0.12846062237430841,0.038485728277782454,0.06625944197279457,0.06582657323066957,0.2103428291308808,0.3755148034492315,0.026575619696308485,1.168880406926752,0.11756516890073615,0.03598841789364899,0.034115322072100905,0.024713902574420306,5.214833826612129,1.4154462290352685
