Diet,P consumption,P Excretion,P Egestion,P to coprophagy
carnivore,0.005825895004032561,0.0018030622616775533,0.0029469380151798566,NA
corallivore,0.0010207885360100431,3.071687094602023e-4,3.840099006387184e-4,NA
detritivore,0.013241090225332985,0.001943714803935209,0.008985367330617904,NA
herbivore,0.0145694207683733,0.0013227948929889176,0.009070700855708864,NA
mixed invertivore,0.01006113710563857,0.0012086790715024553,0.00705619341168354,NA
planktivore,0.0011719367481317373,1.8466520076527732e-4,6.284836470284992e-4,NA
